,categorical_percentage,numerical_percentage,kurtosis_max,kurtosis_delta,kurtosis_percentage,kurtosis_min,kurtosis_average,skew_min,skew_delta,skew_percentage,skew_max,skew_average,corr_neg_average,corr_pos_average,corr_total_average,expon,logistic,norm,gumbel_l,gumbel_r,gumbel,levene_statistic,levene_pvalue,entropy_max,entropy_delta,entropy_average,entropy_min,annova_pvalue,annova_statistic,dataset
0,0.0,100.0,3.2552133808875445,4.92716140423669,-54.396935164804525,-1.6719480233491462,-0.5439693516480453,-1.5575763743153748,2.515425584449654,-4.152389925885408,0.9578492101342793,-0.04152389925885408,0.238431870023497,0.26806921953462515,0.25325054477906106,0.01176470588235294,0.4549019607843138,0.4901960784313726,0.411764705882353,0.3725490196078431,0.411764705882353,0.23618064649288784,0.9999999999999999,4.369342386273888,2.0675591742678208,3.844961796573464,2.3017832120060673,0.9999999999999999,0.4085001697962858,22.csv
1,0.0,100.0,1251.1832530550732,1252.749117224445,12144.435215601032,-1.5658641693717321,121.44435215601031,-1.223134152212296,34.84944498727746,633.6694144658138,33.62631083506516,6.336694144658138,0.05588311488660105,0.2394777531869079,0.14768043403675446,0.0,0.0,0.0,0.0,0.0,0.0,0.022957712300060364,0.9999999999999999,1.0950261368269367,1.0848192757138697,0.4800287129275171,0.010206861113067118,0.9999999999999999,0.022957712300047367,31.csv
2,0.0,100.0,154.7994378543653,156.2821471575066,1333.2636327804887,-1.4827093031413157,13.332636327804888,-3.6583032947195777,15.612150982425554,80.47627719709153,11.953847687705975,0.8047627719709153,0.07765554318431737,0.0822474929409369,0.07995151806262714,0.012935323383084577,0.1691542288557214,0.17711442786069656,0.10547263681592046,0.1731343283582089,0.10547263681592046,0.237301556064488,0.9999999999999999,9.813804667035127,9.45758068002391,1.994951480049017,0.3562239870112168,0.9999999999999999,0.23729585274369716,census_tax_data.csv
3,0.0,100.0,178.93955090997395,180.1875842967642,3664.808474107425,-1.2480333867902393,36.64808474107425,-0.09946923161785946,13.086573336630057,414.661370857711,12.987104105012197,4.14661370857711,0.07046794764088903,0.13484391916655578,0.1026559334037224,0.016181229773462785,0.3980582524271844,0.3888118354137771,0.3208506703652332,0.36384650947757724,0.3208506703652332,1.2546388351451496,0.0,6.379771500019773,5.847622221621531,4.037228784125343,0.5321492783982418,0.0,1.2552030278098516,weatherAUS.csv
